INSERT INTO `categories` (`id`, `parent_category_id`, `name`) VALUES
  (1, NULL, 'Computer parts'),
  (2, 1, 'Motherboards'),
  (3, 1, 'Video cards'),
  (4, 1, 'Processors'),
  (5, 1, 'SSDs'),
  (6, 1, 'HDDs'),
  (7, 1, 'Power supplies'),
  (8, 1, 'Chassis'),
  (9, NULL, 'Peripherials'),
  (10, 9, 'Monitors'),
  (11, 9, 'Mice'),
  (12, 9, 'Keyboards'),
  (13, 9, 'External HDDs'),
  (14, NULL, 'Software'),
  (15, 14, 'Operating systems'),
  (16, 14, 'Office applications'),
  (17, 14, 'Security solutions'),
  (18, NULL, 'Telephones'),
  (19, 18, 'Smartphones'),
  (20, 18, 'Smartwatches'),
  (21, 18, 'External batteries'),
  (22, 18, 'GSM Accessories'),
  (23, 22, 'Selfie sticks'),
  (24, 22, 'Memory cards'),
  (25, 22, 'Chargers'),
  (26, 22, 'Wireless chargers'),
  (27, NULL, 'Audio photo video'),
  (28, 27, 'Speakers'),
  (29, 27, 'Microphones'),
  (30, 27, 'Cameras'),
  (31, 28, 'Portable speakers'),
  (32, 30, 'DSLR'),
  (33, 30, 'Compact'),
  (34, 30, 'Bridge');

INSERT INTO `products` (`id`, `category_id`, `name`, `description`, `price`, `stock`) VALUES
  (1, 2, 'ASRock FM2A55M-DGS', 'A midrange motherboard from a reputable brand', '200.00', -14),
  (2, 2, 'Asrock X79 extreme4', 'A high end motherboard having very good specifications', '350.00', -1),
  (5, 3, 'Gigabyte Geforce gtx 650', 'Mid level video card good enough for 1080p gaming', '150.00', 0),
  (6, 4, 'AMD A8 5600K', 'Budget processor with Windows 10 support', '120.00', 0),
  (7, 4, 'Intel i7 4770K', 'Top level processor, ideal for content creation', '400.00', 0),
  (8, 2, 'Asus Sabertooth z87', 'Good option for enthusiasts, allowing great overclocking', '150.00', 0),
  (9, 6, 'Seagate 1TB SATA-III 7200 RPM 64 MB Barracuda', 'Ample storage with decent write and read speeds', '80.00', 0),
  (10, 6, 'Toshiba 1TB SATA-III 7200RPM 32MB', 'You can store your favorite games, videos and songs and still have enough space for pictures', '100.00', 0),
  (11, 5, 'ADATA XPG SX900 series 256GB SATA-III 2.5 inch', 'Excellent value for money', '120.00', -1),
  (13, 10, 'AOC e2260Swda 21.5 inch 5ms', 'Affordable full HD monitor', '100.00', 210),
  (14, 10, 'BenQ Professional Gaming 3D XL2420T 24 inch 2 ms GTG black', 'The ultimate monitor for ultimate gamers', '500.00', -3),
  (15, 10, 'LED AOC e950Swdak 18.5 inch 5ms black', 'Excellent for watching videos and pictures, on a budget', '150.00', -3),
  (17, 16, 'Microsoft Access 2013 32 64-bit english - PKC', 'Database manipulation software, great for all purposes', '300.00', 2),
  (18, 16, 'Microsoft Excel 2013 32 64-bit english - PKC', 'Spreadsheet creator, viewer program', '300.00', -4),
  (19, 2, 'Asus p8h61-m lx3 plus r2.0', 'Short description', '100.00', 0),
  (20, 24, 'ADATA SDHC 8GB Clasa 4', 'Budget storage for all your photos and videos', '30.00', 0),
  (23, 29, 'Apple iPod nano 7th generation 16GB blue', 'Media player from Apple', '200.00', 200),
  (24, 15, 'Microsoft Windows 7 Ultimate SP1, OEM DSP OEI, 64-bit, english', 'The ultimate windows 7 for the pro user, who knows what its doing', '400.00', 200);

INSERT INTO `product_resources` (`id`, `product_id`, `location`, `mime_type`) VALUES
  (1, 1, 'http://www.asrock.com/mb/photo/FM2A55M-DGS(L1).jpg', 'image/jpg'),
  (2, 1, 'http://www.asrock.com/mb/photo/FM2A55M-DGS(L2).jpg', 'image/jpg'),
  (3, 1, 'http://www.asrock.com/mb/photo/FM2A55M-DGS(L3).jpg', 'image/jpg'),
  (4, 2, 'http://www.asrock.com/mb/photo/X79%20Extreme4(L1).jpg', 'image/jpg'),
  (5, 2, 'https://p1.akcdn.net/full/69938125.asrock-x79-extreme4.jpg', 'image/jpg'),
  (8, 8, 'https://www.asus.com/media/global/products/gD1HelDX8lh3WSpG/iu4WrpYfF2Avc8fJ_500.jpg', 'image/jpg'),
  (10, 24, 'uploads/operating_systems/Microsoft Windows 7 Ultimate SP1, OEM DSP OEI, 64-bit, engleza.jpg', 'image/jpeg');

INSERT INTO `product_specs` (`id`, `product_id`, `name`) VALUES
  (1, 1, 'USB Ports'),
  (2, 1, 'Socket'),
  (3, 1, 'RAM support'),
  (4, 2, 'USB Ports'),
  (8, 9, 'Capacity'),
  (9, 10, 'Capacity'),
  (10, 11, 'Capacity'),
  (11, 13, 'Resolution'),
  (12, 14, 'Resolution'),
  (13, 15, 'Resolution'),
  (14, 17, 'Language'),
  (15, 18, 'Language'),
  (17, 20, 'Capacity'),
  (20, 23, 'Capacity'),
  (21, 17, 'Bits'),
  (22, 17, 'Bits'),
  (23, 18, 'Bits'),
  (24, 24, 'Language'),
  (25, 24, 'Bits'),
  (26, 24, 'Bits');

INSERT INTO `product_spec_description` (`id`, `product_spec_id`, `name`) VALUES
  (1, 1, '3 X USB 3.1'),
  (2, 1, '1 x USB Type C'),
  (3, 2, 'FM2'),
  (5, 20, '16GB'),
  (6, 21, '32'),
  (7, 22, '64'),
  (8, 23, '32'),
  (9, 23, '64'),
  (10, 24, 'English'),
  (11, 25, '64'),
  (12, 26, '32'),
  (13, 26, '');

INSERT INTO `users` (`id`, `first_name`, `last_name`, `username`, `email`, `password`) VALUES
  (3, 'Adam', 'Test2', 'blackice9992', 'test@gmail.com', '$2y$10$hnqnEfHDhsohQlzAaQWUP.JcM7dNf11Tr5EffF4az3uZkny2qjlPO'),
  (4, 'asfd', '', 'username', 'adam596341@yahoo.com', '$2y$10$UyiKMgQu2csltUoZCn1yHuwO5dOUVWy3/tKkwoVXRBNSylBvAiQ2m'),
  (5, 'Adam', 'Test3', 'Adam.Orban', 'adam5962341@yahoo.com', '$2y$10$c1l24cI40r0DW9nHDoP8HuiKovPz5O7o9Hv8BG0gl/ZAy6rAkTCY2'),
  (7, 'Adam', 'Test4', 'username', 'test2@gmail.com', '$2y$10$wFKCNYsr4mYdTFUOawp7SeEdDKCWj8iKI49xIS9R0wN8zgUBIQzXq'),
  (11, 'Adam', 'Test5', 'Adam.Orban', 'adam5963412@yahoo.com', '$2y$10$fUfGp.NwoPJiC.z1Lv2H0elSAaOevEklQkQaQuuTsSxEyy0QKADia'),
  (12, 'Adam', 'Test5', 'myusername', 'test3@gmail.com', '$2y$10$8Cbp08BrC0sFBrwjGf4h0.8Iyh1xxYLgfY1HQnpwwnp5rSaq0sqOm');

INSERT INTO `user_addresses` (`id`, `user_id`, `address`) VALUES
  (1, 4, 'Decebal street'),
  (2, 3, 'Test address'),
  (3, 3, 'Test address 2'),
  (4, 3, 'Test address 3'),
  (5, 3, 'Test address 4'),
  (6, 3, 'Test address 5');
